payment_type,total_transactions,total_amount,average_payment
credit_card,83706,15011952.95,179.34142056722337
boleto,22047,3886498.68,176.28242754116206
voucher,6012,389060.48,64.71398536260811
debit_card,1625,242991.23,149.53306461538463
