payment_type,total_transactions,total_amount,average_payment
credit_card,82016,14857408.52,181.15256193913382
boleto,22047,3886498.68,176.28242754116206
debit_card,1624,242965.03,149.60900862068965
voucher,2953,232215.19,78.63704368438876
